CustomerID,CustomerName,Email,Phone,JoinDate,LocationID,TotalSpent
1,Customer_1,customer1@example.com,123-456-7891,2020-01-01,13,584.2
2,Customer_2,customer2@example.com,123-456-7892,2020-01-02,2,6722.81
3,Customer_3,customer3@example.com,123-456-7893,2020-01-03,1,2212.24
4,Customer_4,customer4@example.com,123-456-7894,2020-01-04,5,8695.29
5,Customer_5,customer5@example.com,123-456-7895,2020-01-05,39,7658.65
6,Customer_6,customer6@example.com,123-456-7896,2020-01-06,41,3921.23
7,Customer_7,customer7@example.com,123-456-7897,2020-01-07,28,8014.8
8,Customer_8,customer8@example.com,123-456-7898,2020-01-08,11,3483.71
9,Customer_9,customer9@example.com,123-456-7899,2020-01-09,38,896.98
10,Customer_10,customer10@example.com,123-456-7890,2020-01-10,44,5087.81
11,Customer_11,customer11@example.com,123-456-7891,2020-01-11,37,7285.54
12,Customer_12,customer12@example.com,123-456-7892,2020-01-12,40,3070.86
13,Customer_13,customer13@example.com,123-456-7893,2020-01-13,29,620.25
14,Customer_14,customer14@example.com,123-456-7894,2020-01-14,29,8549.89
15,Customer_15,customer15@example.com,123-456-7895,2020-01-15,45,6569.42
16,Customer_16,customer16@example.com,123-456-7896,2020-01-16,39,7927.75
17,Customer_17,customer17@example.com,123-456-7897,2020-01-17,31,2792.7
18,Customer_18,customer18@example.com,123-456-7898,2020-01-18,42,1246.08
19,Customer_19,customer19@example.com,123-456-7899,2020-01-19,3,1637.04
20,Customer_20,customer20@example.com,123-456-7890,2020-01-20,41,5008.74
21,Customer_21,customer21@example.com,123-456-7891,2020-01-21,12,3099.81
22,Customer_22,customer22@example.com,123-456-7892,2020-01-22,48,8341.1
23,Customer_23,customer23@example.com,123-456-7893,2020-01-23,41,539.75
24,Customer_24,customer24@example.com,123-456-7894,2020-01-24,21,9584.06
25,Customer_25,customer25@example.com,123-456-7895,2020-01-25,49,7031.76
26,Customer_26,customer26@example.com,123-456-7896,2020-01-26,8,495.01
27,Customer_27,customer27@example.com,123-456-7897,2020-01-27,43,7237.1
28,Customer_28,customer28@example.com,123-456-7898,2020-01-28,5,2167.49
29,Customer_29,customer29@example.com,123-456-7899,2020-01-29,41,1213.1
30,Customer_30,customer30@example.com,123-456-7890,2020-01-30,49,2892.3
31,Customer_31,customer31@example.com,123-456-7891,2020-01-31,25,5380.33
32,Customer_32,customer32@example.com,123-456-7892,2020-02-01,15,8602.8
33,Customer_33,customer33@example.com,123-456-7893,2020-02-02,33,5042.02
34,Customer_34,customer34@example.com,123-456-7894,2020-02-03,3,1377.79
35,Customer_35,customer35@example.com,123-456-7895,2020-02-04,40,7093.51
36,Customer_36,customer36@example.com,123-456-7896,2020-02-05,45,1964.46
37,Customer_37,customer37@example.com,123-456-7897,2020-02-06,17,8883.76
38,Customer_38,customer38@example.com,123-456-7898,2020-02-07,5,4278.75
39,Customer_39,customer39@example.com,123-456-7899,2020-02-08,21,5704.71
40,Customer_40,customer40@example.com,123-456-7890,2020-02-09,15,2780.42
41,Customer_41,customer41@example.com,123-456-7891,2020-02-10,44,8562.86
42,Customer_42,customer42@example.com,123-456-7892,2020-02-11,40,5920.39
43,Customer_43,customer43@example.com,123-456-7893,2020-02-12,19,5809.6
44,Customer_44,customer44@example.com,123-456-7894,2020-02-13,33,5851.42
45,Customer_45,customer45@example.com,123-456-7895,2020-02-14,9,2276.13
46,Customer_46,customer46@example.com,123-456-7896,2020-02-15,24,3729.31
47,Customer_47,customer47@example.com,123-456-7897,2020-02-16,17,3987.3
48,Customer_48,customer48@example.com,123-456-7898,2020-02-17,24,4104.93
49,Customer_49,customer49@example.com,123-456-7899,2020-02-18,42,7342.89
50,Customer_50,customer50@example.com,123-456-7890,2020-02-19,16,8132.39
51,Customer_51,customer51@example.com,123-456-7891,2020-02-20,19,621.72
52,Customer_52,customer52@example.com,123-456-7892,2020-02-21,29,3554.96
53,Customer_53,customer53@example.com,123-456-7893,2020-02-22,49,5155.65
54,Customer_54,customer54@example.com,123-456-7894,2020-02-23,6,9196.98
55,Customer_55,customer55@example.com,123-456-7895,2020-02-24,13,7242.04
56,Customer_56,customer56@example.com,123-456-7896,2020-02-25,14,4139.26
57,Customer_57,customer57@example.com,123-456-7897,2020-02-26,31,5702.21
58,Customer_58,customer58@example.com,123-456-7898,2020-02-27,18,9797.11
59,Customer_59,customer59@example.com,123-456-7899,2020-02-28,41,3645.23
60,Customer_60,customer60@example.com,123-456-7890,2020-02-29,20,9654.47
61,Customer_61,customer61@example.com,123-456-7891,2020-03-01,34,9016.29
62,Customer_62,customer62@example.com,123-456-7892,2020-03-02,38,3805.19
63,Customer_63,customer63@example.com,123-456-7893,2020-03-03,4,5364.04
64,Customer_64,customer64@example.com,123-456-7894,2020-03-04,14,730.45
65,Customer_65,customer65@example.com,123-456-7895,2020-03-05,14,5833.27
66,Customer_66,customer66@example.com,123-456-7896,2020-03-06,44,8083.33
67,Customer_67,customer67@example.com,123-456-7897,2020-03-07,35,8286.3
68,Customer_68,customer68@example.com,123-456-7898,2020-03-08,47,2082.83
69,Customer_69,customer69@example.com,123-456-7899,2020-03-09,2,5749.6
70,Customer_70,customer70@example.com,123-456-7890,2020-03-10,36,5150.83
71,Customer_71,customer71@example.com,123-456-7891,2020-03-11,7,4875.67
72,Customer_72,customer72@example.com,123-456-7892,2020-03-12,32,5587.92
73,Customer_73,customer73@example.com,123-456-7893,2020-03-13,34,632.5
74,Customer_74,customer74@example.com,123-456-7894,2020-03-14,46,5219.04
75,Customer_75,customer75@example.com,123-456-7895,2020-03-15,2,6876.73
76,Customer_76,customer76@example.com,123-456-7896,2020-03-16,10,9664.18
77,Customer_77,customer77@example.com,123-456-7897,2020-03-17,21,6786.03
78,Customer_78,customer78@example.com,123-456-7898,2020-03-18,14,2030.03
79,Customer_79,customer79@example.com,123-456-7899,2020-03-19,30,6857.4
80,Customer_80,customer80@example.com,123-456-7890,2020-03-20,33,9629.86
81,Customer_81,customer81@example.com,123-456-7891,2020-03-21,38,6408.15
82,Customer_82,customer82@example.com,123-456-7892,2020-03-22,38,923.69
83,Customer_83,customer83@example.com,123-456-7893,2020-03-23,46,4524.32
84,Customer_84,customer84@example.com,123-456-7894,2020-03-24,4,2992.85
85,Customer_85,customer85@example.com,123-456-7895,2020-03-25,19,8213.81
86,Customer_86,customer86@example.com,123-456-7896,2020-03-26,8,6217.99
87,Customer_87,customer87@example.com,123-456-7897,2020-03-27,30,3293.88
88,Customer_88,customer88@example.com,123-456-7898,2020-03-28,34,762.69
89,Customer_89,customer89@example.com,123-456-7899,2020-03-29,33,8802.1
90,Customer_90,customer90@example.com,123-456-7890,2020-03-30,29,6073.4
91,Customer_91,customer91@example.com,123-456-7891,2020-03-31,23,4610.19
92,Customer_92,customer92@example.com,123-456-7892,2020-04-01,37,1830.4
93,Customer_93,customer93@example.com,123-456-7893,2020-04-02,13,968.31
94,Customer_94,customer94@example.com,123-456-7894,2020-04-03,31,8556.94
95,Customer_95,customer95@example.com,123-456-7895,2020-04-04,34,8922.33
96,Customer_96,customer96@example.com,123-456-7896,2020-04-05,4,4621.24
97,Customer_97,customer97@example.com,123-456-7897,2020-04-06,2,4679.22
98,Customer_98,customer98@example.com,123-456-7898,2020-04-07,49,6159.23
99,Customer_99,customer99@example.com,123-456-7899,2020-04-08,16,447.69
100,Customer_100,customer100@example.com,123-456-7890,2020-04-09,43,4113.3
101,Customer_101,customer101@example.com,123-456-7891,2020-04-10,14,7525.07
102,Customer_102,customer102@example.com,123-456-7892,2020-04-11,24,466.64
103,Customer_103,customer103@example.com,123-456-7893,2020-04-12,49,9437.52
104,Customer_104,customer104@example.com,123-456-7894,2020-04-13,49,3279.37
105,Customer_105,customer105@example.com,123-456-7895,2020-04-14,5,5263.59
106,Customer_106,customer106@example.com,123-456-7896,2020-04-15,38,4914.7
107,Customer_107,customer107@example.com,123-456-7897,2020-04-16,42,2072.08
108,Customer_108,customer108@example.com,123-456-7898,2020-04-17,13,2272.04
109,Customer_109,customer109@example.com,123-456-7899,2020-04-18,8,9531.42
110,Customer_110,customer110@example.com,123-456-7890,2020-04-19,2,9981.22
111,Customer_111,customer111@example.com,123-456-7891,2020-04-20,13,5806.6
112,Customer_112,customer112@example.com,123-456-7892,2020-04-21,21,1632.66
113,Customer_113,customer113@example.com,123-456-7893,2020-04-22,45,9448.1
114,Customer_114,customer114@example.com,123-456-7894,2020-04-23,29,3322.01
115,Customer_115,customer115@example.com,123-456-7895,2020-04-24,36,9370.56
116,Customer_116,customer116@example.com,123-456-7896,2020-04-25,14,350.76
117,Customer_117,customer117@example.com,123-456-7897,2020-04-26,31,3311.64
118,Customer_118,customer118@example.com,123-456-7898,2020-04-27,8,3915.31
119,Customer_119,customer119@example.com,123-456-7899,2020-04-28,31,9839.33
120,Customer_120,customer120@example.com,123-456-7890,2020-04-29,1,7122.4
121,Customer_121,customer121@example.com,123-456-7891,2020-04-30,4,5645.93
122,Customer_122,customer122@example.com,123-456-7892,2020-05-01,10,919.56
123,Customer_123,customer123@example.com,123-456-7893,2020-05-02,4,1262.35
124,Customer_124,customer124@example.com,123-456-7894,2020-05-03,41,1936.32
125,Customer_125,customer125@example.com,123-456-7895,2020-05-04,33,5908.22
126,Customer_126,customer126@example.com,123-456-7896,2020-05-05,8,2692.57
127,Customer_127,customer127@example.com,123-456-7897,2020-05-06,14,6826.18
128,Customer_128,customer128@example.com,123-456-7898,2020-05-07,26,9943.46
129,Customer_129,customer129@example.com,123-456-7899,2020-05-08,24,2484.44
130,Customer_130,customer130@example.com,123-456-7890,2020-05-09,32,5903.77
131,Customer_131,customer131@example.com,123-456-7891,2020-05-10,8,842.67
132,Customer_132,customer132@example.com,123-456-7892,2020-05-11,11,4730.14
133,Customer_133,customer133@example.com,123-456-7893,2020-05-12,46,7991.99
134,Customer_134,customer134@example.com,123-456-7894,2020-05-13,22,9639.75
135,Customer_135,customer135@example.com,123-456-7895,2020-05-14,6,2250.94
136,Customer_136,customer136@example.com,123-456-7896,2020-05-15,47,4452.55
137,Customer_137,customer137@example.com,123-456-7897,2020-05-16,27,8241.64
138,Customer_138,customer138@example.com,123-456-7898,2020-05-17,46,1067.39
139,Customer_139,customer139@example.com,123-456-7899,2020-05-18,31,682.05
140,Customer_140,customer140@example.com,123-456-7890,2020-05-19,41,4771.55
141,Customer_141,customer141@example.com,123-456-7891,2020-05-20,3,5334.34
142,Customer_142,customer142@example.com,123-456-7892,2020-05-21,7,8910.93
143,Customer_143,customer143@example.com,123-456-7893,2020-05-22,29,6613.42
144,Customer_144,customer144@example.com,123-456-7894,2020-05-23,7,9348.32
145,Customer_145,customer145@example.com,123-456-7895,2020-05-24,14,8430.02
146,Customer_146,customer146@example.com,123-456-7896,2020-05-25,10,9917.26
147,Customer_147,customer147@example.com,123-456-7897,2020-05-26,10,9362.23
148,Customer_148,customer148@example.com,123-456-7898,2020-05-27,19,9057.6
149,Customer_149,customer149@example.com,123-456-7899,2020-05-28,4,9498.61
150,Customer_150,customer150@example.com,123-456-7890,2020-05-29,44,497.29
151,Customer_151,customer151@example.com,123-456-7891,2020-05-30,17,2133.65
152,Customer_152,customer152@example.com,123-456-7892,2020-05-31,6,9760.22
153,Customer_153,customer153@example.com,123-456-7893,2020-06-01,35,9524.24
154,Customer_154,customer154@example.com,123-456-7894,2020-06-02,19,4928.85
155,Customer_155,customer155@example.com,123-456-7895,2020-06-03,18,6339.07
156,Customer_156,customer156@example.com,123-456-7896,2020-06-04,29,7700.12
157,Customer_157,customer157@example.com,123-456-7897,2020-06-05,15,6913.74
158,Customer_158,customer158@example.com,123-456-7898,2020-06-06,13,9099.58
159,Customer_159,customer159@example.com,123-456-7899,2020-06-07,36,5485.84
160,Customer_160,customer160@example.com,123-456-7890,2020-06-08,6,4751.35
161,Customer_161,customer161@example.com,123-456-7891,2020-06-09,32,527.9
162,Customer_162,customer162@example.com,123-456-7892,2020-06-10,37,400.21
163,Customer_163,customer163@example.com,123-456-7893,2020-06-11,45,5407.11
164,Customer_164,customer164@example.com,123-456-7894,2020-06-12,17,3998.29
165,Customer_165,customer165@example.com,123-456-7895,2020-06-13,26,9973.91
166,Customer_166,customer166@example.com,123-456-7896,2020-06-14,35,8438.07
167,Customer_167,customer167@example.com,123-456-7897,2020-06-15,24,5215.05
168,Customer_168,customer168@example.com,123-456-7898,2020-06-16,5,8595.11
169,Customer_169,customer169@example.com,123-456-7899,2020-06-17,40,5773.42
170,Customer_170,customer170@example.com,123-456-7890,2020-06-18,46,4858.6
171,Customer_171,customer171@example.com,123-456-7891,2020-06-19,7,6003.91
172,Customer_172,customer172@example.com,123-456-7892,2020-06-20,46,2189.19
173,Customer_173,customer173@example.com,123-456-7893,2020-06-21,23,9076.4
174,Customer_174,customer174@example.com,123-456-7894,2020-06-22,47,4656.49
175,Customer_175,customer175@example.com,123-456-7895,2020-06-23,3,143.97
176,Customer_176,customer176@example.com,123-456-7896,2020-06-24,37,2258.42
177,Customer_177,customer177@example.com,123-456-7897,2020-06-25,40,4195.16
178,Customer_178,customer178@example.com,123-456-7898,2020-06-26,4,6645.88
179,Customer_179,customer179@example.com,123-456-7899,2020-06-27,38,2276.61
180,Customer_180,customer180@example.com,123-456-7890,2020-06-28,7,7181.08
181,Customer_181,customer181@example.com,123-456-7891,2020-06-29,32,7556.88
182,Customer_182,customer182@example.com,123-456-7892,2020-06-30,19,2710.68
183,Customer_183,customer183@example.com,123-456-7893,2020-07-01,40,7409.05
184,Customer_184,customer184@example.com,123-456-7894,2020-07-02,27,284.73
185,Customer_185,customer185@example.com,123-456-7895,2020-07-03,16,4022.48
186,Customer_186,customer186@example.com,123-456-7896,2020-07-04,14,3340.47
187,Customer_187,customer187@example.com,123-456-7897,2020-07-05,40,8092.68
188,Customer_188,customer188@example.com,123-456-7898,2020-07-06,15,5661.76
189,Customer_189,customer189@example.com,123-456-7899,2020-07-07,17,292.18
190,Customer_190,customer190@example.com,123-456-7890,2020-07-08,5,5729.54
191,Customer_191,customer191@example.com,123-456-7891,2020-07-09,7,8959.06
192,Customer_192,customer192@example.com,123-456-7892,2020-07-10,7,8885.87
193,Customer_193,customer193@example.com,123-456-7893,2020-07-11,27,6705.17
194,Customer_194,customer194@example.com,123-456-7894,2020-07-12,49,8899.31
195,Customer_195,customer195@example.com,123-456-7895,2020-07-13,40,8171.05
196,Customer_196,customer196@example.com,123-456-7896,2020-07-14,18,9797.1
197,Customer_197,customer197@example.com,123-456-7897,2020-07-15,3,5147.29
198,Customer_198,customer198@example.com,123-456-7898,2020-07-16,26,5880.64
199,Customer_199,customer199@example.com,123-456-7899,2020-07-17,13,2600.52
200,Customer_200,customer200@example.com,123-456-7890,2020-07-18,11,6756.72
201,Customer_201,customer201@example.com,123-456-7891,2020-07-19,49,6386.67
202,Customer_202,customer202@example.com,123-456-7892,2020-07-20,8,8685.04
203,Customer_203,customer203@example.com,123-456-7893,2020-07-21,41,1391.18
204,Customer_204,customer204@example.com,123-456-7894,2020-07-22,27,7123.5
205,Customer_205,customer205@example.com,123-456-7895,2020-07-23,49,6603.99
206,Customer_206,customer206@example.com,123-456-7896,2020-07-24,35,4989.41
207,Customer_207,customer207@example.com,123-456-7897,2020-07-25,13,1268.96
208,Customer_208,customer208@example.com,123-456-7898,2020-07-26,14,7621.76
209,Customer_209,customer209@example.com,123-456-7899,2020-07-27,6,9419.82
210,Customer_210,customer210@example.com,123-456-7890,2020-07-28,31,993.96
211,Customer_211,customer211@example.com,123-456-7891,2020-07-29,48,6754.78
212,Customer_212,customer212@example.com,123-456-7892,2020-07-30,18,2041.83
213,Customer_213,customer213@example.com,123-456-7893,2020-07-31,14,4826.52
214,Customer_214,customer214@example.com,123-456-7894,2020-08-01,14,253.23
215,Customer_215,customer215@example.com,123-456-7895,2020-08-02,24,2485.84
216,Customer_216,customer216@example.com,123-456-7896,2020-08-03,46,4868.59
217,Customer_217,customer217@example.com,123-456-7897,2020-08-04,39,450.76
218,Customer_218,customer218@example.com,123-456-7898,2020-08-05,37,9750.36
219,Customer_219,customer219@example.com,123-456-7899,2020-08-06,38,529.37
220,Customer_220,customer220@example.com,123-456-7890,2020-08-07,47,107.13
221,Customer_221,customer221@example.com,123-456-7891,2020-08-08,6,467.63
222,Customer_222,customer222@example.com,123-456-7892,2020-08-09,45,2850.65
223,Customer_223,customer223@example.com,123-456-7893,2020-08-10,34,860.2
224,Customer_224,customer224@example.com,123-456-7894,2020-08-11,24,5223.78
225,Customer_225,customer225@example.com,123-456-7895,2020-08-12,7,5611.35
226,Customer_226,customer226@example.com,123-456-7896,2020-08-13,28,4449.07
227,Customer_227,customer227@example.com,123-456-7897,2020-08-14,34,5723.13
228,Customer_228,customer228@example.com,123-456-7898,2020-08-15,1,4567.57
229,Customer_229,customer229@example.com,123-456-7899,2020-08-16,5,3177.79
230,Customer_230,customer230@example.com,123-456-7890,2020-08-17,32,4240.71
231,Customer_231,customer231@example.com,123-456-7891,2020-08-18,9,2882.56
232,Customer_232,customer232@example.com,123-456-7892,2020-08-19,25,8355.84
233,Customer_233,customer233@example.com,123-456-7893,2020-08-20,16,9251.62
234,Customer_234,customer234@example.com,123-456-7894,2020-08-21,2,6099.55
235,Customer_235,customer235@example.com,123-456-7895,2020-08-22,34,5668.36
236,Customer_236,customer236@example.com,123-456-7896,2020-08-23,6,5806.57
237,Customer_237,customer237@example.com,123-456-7897,2020-08-24,35,4640.62
238,Customer_238,customer238@example.com,123-456-7898,2020-08-25,31,7426.77
239,Customer_239,customer239@example.com,123-456-7899,2020-08-26,19,3717.19
240,Customer_240,customer240@example.com,123-456-7890,2020-08-27,29,5686.32
241,Customer_241,customer241@example.com,123-456-7891,2020-08-28,42,2064.69
242,Customer_242,customer242@example.com,123-456-7892,2020-08-29,49,7202.55
243,Customer_243,customer243@example.com,123-456-7893,2020-08-30,46,6800.51
244,Customer_244,customer244@example.com,123-456-7894,2020-08-31,23,2175.6
245,Customer_245,customer245@example.com,123-456-7895,2020-09-01,37,5936.52
246,Customer_246,customer246@example.com,123-456-7896,2020-09-02,27,1176.85
247,Customer_247,customer247@example.com,123-456-7897,2020-09-03,45,2609.4
248,Customer_248,customer248@example.com,123-456-7898,2020-09-04,16,9649.87
249,Customer_249,customer249@example.com,123-456-7899,2020-09-05,12,4549.2
250,Customer_250,customer250@example.com,123-456-7890,2020-09-06,7,7291.71
251,Customer_251,customer251@example.com,123-456-7891,2020-09-07,40,4168.47
252,Customer_252,customer252@example.com,123-456-7892,2020-09-08,24,4292.21
253,Customer_253,customer253@example.com,123-456-7893,2020-09-09,22,3525.22
254,Customer_254,customer254@example.com,123-456-7894,2020-09-10,31,9535.81
255,Customer_255,customer255@example.com,123-456-7895,2020-09-11,41,3667.76
256,Customer_256,customer256@example.com,123-456-7896,2020-09-12,30,3639.75
257,Customer_257,customer257@example.com,123-456-7897,2020-09-13,23,9428.26
258,Customer_258,customer258@example.com,123-456-7898,2020-09-14,14,4581.95
259,Customer_259,customer259@example.com,123-456-7899,2020-09-15,22,1297.28
260,Customer_260,customer260@example.com,123-456-7890,2020-09-16,4,709.7
261,Customer_261,customer261@example.com,123-456-7891,2020-09-17,38,994.68
262,Customer_262,customer262@example.com,123-456-7892,2020-09-18,13,6481.72
263,Customer_263,customer263@example.com,123-456-7893,2020-09-19,40,5883.41
264,Customer_264,customer264@example.com,123-456-7894,2020-09-20,25,7421.03
265,Customer_265,customer265@example.com,123-456-7895,2020-09-21,41,8499.67
266,Customer_266,customer266@example.com,123-456-7896,2020-09-22,18,8924.74
267,Customer_267,customer267@example.com,123-456-7897,2020-09-23,30,9797.01
268,Customer_268,customer268@example.com,123-456-7898,2020-09-24,36,2277.12
269,Customer_269,customer269@example.com,123-456-7899,2020-09-25,49,9322.13
270,Customer_270,customer270@example.com,123-456-7890,2020-09-26,3,3224.98
271,Customer_271,customer271@example.com,123-456-7891,2020-09-27,40,1728.79
272,Customer_272,customer272@example.com,123-456-7892,2020-09-28,8,3927.22
273,Customer_273,customer273@example.com,123-456-7893,2020-09-29,24,5496.27
274,Customer_274,customer274@example.com,123-456-7894,2020-09-30,11,201.59
275,Customer_275,customer275@example.com,123-456-7895,2020-10-01,8,2185.45
276,Customer_276,customer276@example.com,123-456-7896,2020-10-02,32,2199.32
277,Customer_277,customer277@example.com,123-456-7897,2020-10-03,39,2722.46
278,Customer_278,customer278@example.com,123-456-7898,2020-10-04,15,8526.52
279,Customer_279,customer279@example.com,123-456-7899,2020-10-05,4,3972.97
280,Customer_280,customer280@example.com,123-456-7890,2020-10-06,31,8032.22
281,Customer_281,customer281@example.com,123-456-7891,2020-10-07,48,4455.01
282,Customer_282,customer282@example.com,123-456-7892,2020-10-08,27,2973.03
283,Customer_283,customer283@example.com,123-456-7893,2020-10-09,39,717.29
284,Customer_284,customer284@example.com,123-456-7894,2020-10-10,4,7712.13
285,Customer_285,customer285@example.com,123-456-7895,2020-10-11,30,1940.6
286,Customer_286,customer286@example.com,123-456-7896,2020-10-12,25,1340.69
287,Customer_287,customer287@example.com,123-456-7897,2020-10-13,17,3071.73
288,Customer_288,customer288@example.com,123-456-7898,2020-10-14,10,872.89
289,Customer_289,customer289@example.com,123-456-7899,2020-10-15,49,7223.37
290,Customer_290,customer290@example.com,123-456-7890,2020-10-16,5,1847.97
291,Customer_291,customer291@example.com,123-456-7891,2020-10-17,46,8621.91
292,Customer_292,customer292@example.com,123-456-7892,2020-10-18,32,1199.81
293,Customer_293,customer293@example.com,123-456-7893,2020-10-19,18,8173.92
294,Customer_294,customer294@example.com,123-456-7894,2020-10-20,34,5540.72
295,Customer_295,customer295@example.com,123-456-7895,2020-10-21,10,1354.21
296,Customer_296,customer296@example.com,123-456-7896,2020-10-22,28,1475.11
297,Customer_297,customer297@example.com,123-456-7897,2020-10-23,42,6536.11
298,Customer_298,customer298@example.com,123-456-7898,2020-10-24,34,8779.37
299,Customer_299,customer299@example.com,123-456-7899,2020-10-25,4,6604.58
300,Customer_300,customer300@example.com,123-456-7890,2020-10-26,7,4604.29
301,Customer_301,customer301@example.com,123-456-7891,2020-10-27,32,9323.89
302,Customer_302,customer302@example.com,123-456-7892,2020-10-28,15,746.97
303,Customer_303,customer303@example.com,123-456-7893,2020-10-29,1,7021.45
304,Customer_304,customer304@example.com,123-456-7894,2020-10-30,22,6704.16
305,Customer_305,customer305@example.com,123-456-7895,2020-10-31,17,3368.61
306,Customer_306,customer306@example.com,123-456-7896,2020-11-01,4,8107.72
307,Customer_307,customer307@example.com,123-456-7897,2020-11-02,31,3486.95
308,Customer_308,customer308@example.com,123-456-7898,2020-11-03,47,909.3
309,Customer_309,customer309@example.com,123-456-7899,2020-11-04,40,1415.93
310,Customer_310,customer310@example.com,123-456-7890,2020-11-05,28,3551.07
311,Customer_311,customer311@example.com,123-456-7891,2020-11-06,20,5970.3
312,Customer_312,customer312@example.com,123-456-7892,2020-11-07,45,4057.53
313,Customer_313,customer313@example.com,123-456-7893,2020-11-08,22,709.58
314,Customer_314,customer314@example.com,123-456-7894,2020-11-09,14,5237.21
315,Customer_315,customer315@example.com,123-456-7895,2020-11-10,35,4943.91
316,Customer_316,customer316@example.com,123-456-7896,2020-11-11,4,1687.91
317,Customer_317,customer317@example.com,123-456-7897,2020-11-12,43,2833.69
318,Customer_318,customer318@example.com,123-456-7898,2020-11-13,5,117.7
319,Customer_319,customer319@example.com,123-456-7899,2020-11-14,29,1477.97
320,Customer_320,customer320@example.com,123-456-7890,2020-11-15,40,6159.18
321,Customer_321,customer321@example.com,123-456-7891,2020-11-16,6,6844.25
322,Customer_322,customer322@example.com,123-456-7892,2020-11-17,25,8705.24
323,Customer_323,customer323@example.com,123-456-7893,2020-11-18,40,9209.15
324,Customer_324,customer324@example.com,123-456-7894,2020-11-19,27,6650.65
325,Customer_325,customer325@example.com,123-456-7895,2020-11-20,11,7340.42
326,Customer_326,customer326@example.com,123-456-7896,2020-11-21,23,6628.46
327,Customer_327,customer327@example.com,123-456-7897,2020-11-22,43,1488.88
328,Customer_328,customer328@example.com,123-456-7898,2020-11-23,30,7723.25
329,Customer_329,customer329@example.com,123-456-7899,2020-11-24,23,7854.45
330,Customer_330,customer330@example.com,123-456-7890,2020-11-25,36,9443.99
331,Customer_331,customer331@example.com,123-456-7891,2020-11-26,14,9124.96
332,Customer_332,customer332@example.com,123-456-7892,2020-11-27,30,4541.63
333,Customer_333,customer333@example.com,123-456-7893,2020-11-28,22,1255.71
334,Customer_334,customer334@example.com,123-456-7894,2020-11-29,31,1745.05
335,Customer_335,customer335@example.com,123-456-7895,2020-11-30,33,9248.48
336,Customer_336,customer336@example.com,123-456-7896,2020-12-01,9,2007.15
337,Customer_337,customer337@example.com,123-456-7897,2020-12-02,35,2904.73
338,Customer_338,customer338@example.com,123-456-7898,2020-12-03,7,3973.87
339,Customer_339,customer339@example.com,123-456-7899,2020-12-04,12,3780.74
340,Customer_340,customer340@example.com,123-456-7890,2020-12-05,29,6101.75
341,Customer_341,customer341@example.com,123-456-7891,2020-12-06,5,2928.83
342,Customer_342,customer342@example.com,123-456-7892,2020-12-07,31,673.26
343,Customer_343,customer343@example.com,123-456-7893,2020-12-08,9,1281.83
344,Customer_344,customer344@example.com,123-456-7894,2020-12-09,12,5761.07
345,Customer_345,customer345@example.com,123-456-7895,2020-12-10,32,4184.75
346,Customer_346,customer346@example.com,123-456-7896,2020-12-11,1,3387.69
347,Customer_347,customer347@example.com,123-456-7897,2020-12-12,27,1176.01
348,Customer_348,customer348@example.com,123-456-7898,2020-12-13,2,3785.4
349,Customer_349,customer349@example.com,123-456-7899,2020-12-14,34,657.07
350,Customer_350,customer350@example.com,123-456-7890,2020-12-15,22,5469.59
351,Customer_351,customer351@example.com,123-456-7891,2020-12-16,37,1913.49
352,Customer_352,customer352@example.com,123-456-7892,2020-12-17,40,739.69
353,Customer_353,customer353@example.com,123-456-7893,2020-12-18,5,3503.73
354,Customer_354,customer354@example.com,123-456-7894,2020-12-19,23,6423.97
355,Customer_355,customer355@example.com,123-456-7895,2020-12-20,5,3289.55
356,Customer_356,customer356@example.com,123-456-7896,2020-12-21,34,9213.28
357,Customer_357,customer357@example.com,123-456-7897,2020-12-22,37,9197.46
358,Customer_358,customer358@example.com,123-456-7898,2020-12-23,18,7874.43
359,Customer_359,customer359@example.com,123-456-7899,2020-12-24,18,4341.02
360,Customer_360,customer360@example.com,123-456-7890,2020-12-25,35,2443.07
361,Customer_361,customer361@example.com,123-456-7891,2020-12-26,34,7704.32
362,Customer_362,customer362@example.com,123-456-7892,2020-12-27,35,2078.49
363,Customer_363,customer363@example.com,123-456-7893,2020-12-28,11,7023.27
364,Customer_364,customer364@example.com,123-456-7894,2020-12-29,29,7587.06
365,Customer_365,customer365@example.com,123-456-7895,2020-12-30,17,3763.44
366,Customer_366,customer366@example.com,123-456-7896,2020-12-31,33,1377.37
367,Customer_367,customer367@example.com,123-456-7897,2021-01-01,27,1693.42
368,Customer_368,customer368@example.com,123-456-7898,2021-01-02,6,6160.46
369,Customer_369,customer369@example.com,123-456-7899,2021-01-03,3,7794.58
370,Customer_370,customer370@example.com,123-456-7890,2021-01-04,18,7307.23
371,Customer_371,customer371@example.com,123-456-7891,2021-01-05,40,1377.46
372,Customer_372,customer372@example.com,123-456-7892,2021-01-06,42,5560.59
373,Customer_373,customer373@example.com,123-456-7893,2021-01-07,43,3735.82
374,Customer_374,customer374@example.com,123-456-7894,2021-01-08,32,2985.54
375,Customer_375,customer375@example.com,123-456-7895,2021-01-09,1,2318.61
376,Customer_376,customer376@example.com,123-456-7896,2021-01-10,35,532.19
377,Customer_377,customer377@example.com,123-456-7897,2021-01-11,27,9714.44
378,Customer_378,customer378@example.com,123-456-7898,2021-01-12,8,2861.22
379,Customer_379,customer379@example.com,123-456-7899,2021-01-13,23,7387.84
380,Customer_380,customer380@example.com,123-456-7890,2021-01-14,49,1014.27
381,Customer_381,customer381@example.com,123-456-7891,2021-01-15,3,2234.04
382,Customer_382,customer382@example.com,123-456-7892,2021-01-16,29,1784.47
383,Customer_383,customer383@example.com,123-456-7893,2021-01-17,11,5585.08
384,Customer_384,customer384@example.com,123-456-7894,2021-01-18,2,4988.45
385,Customer_385,customer385@example.com,123-456-7895,2021-01-19,29,9529.23
386,Customer_386,customer386@example.com,123-456-7896,2021-01-20,39,4380.38
387,Customer_387,customer387@example.com,123-456-7897,2021-01-21,31,1097.58
388,Customer_388,customer388@example.com,123-456-7898,2021-01-22,7,2737.94
389,Customer_389,customer389@example.com,123-456-7899,2021-01-23,31,1068.79
390,Customer_390,customer390@example.com,123-456-7890,2021-01-24,42,1631.76
391,Customer_391,customer391@example.com,123-456-7891,2021-01-25,10,1396.53
392,Customer_392,customer392@example.com,123-456-7892,2021-01-26,17,8441.96
393,Customer_393,customer393@example.com,123-456-7893,2021-01-27,26,716.3
394,Customer_394,customer394@example.com,123-456-7894,2021-01-28,19,4735.49
395,Customer_395,customer395@example.com,123-456-7895,2021-01-29,14,7491.03
396,Customer_396,customer396@example.com,123-456-7896,2021-01-30,35,7844.86
397,Customer_397,customer397@example.com,123-456-7897,2021-01-31,38,5308.51
398,Customer_398,customer398@example.com,123-456-7898,2021-02-01,3,5163.17
399,Customer_399,customer399@example.com,123-456-7899,2021-02-02,41,5405.87
400,Customer_400,customer400@example.com,123-456-7890,2021-02-03,36,5685.59
401,Customer_401,customer401@example.com,123-456-7891,2021-02-04,18,9825.24
402,Customer_402,customer402@example.com,123-456-7892,2021-02-05,23,6354.11
403,Customer_403,customer403@example.com,123-456-7893,2021-02-06,20,4973.77
404,Customer_404,customer404@example.com,123-456-7894,2021-02-07,36,3250.46
405,Customer_405,customer405@example.com,123-456-7895,2021-02-08,44,2868.34
406,Customer_406,customer406@example.com,123-456-7896,2021-02-09,28,6597.08
407,Customer_407,customer407@example.com,123-456-7897,2021-02-10,45,4597.23
408,Customer_408,customer408@example.com,123-456-7898,2021-02-11,22,991.38
409,Customer_409,customer409@example.com,123-456-7899,2021-02-12,2,2496.49
410,Customer_410,customer410@example.com,123-456-7890,2021-02-13,8,1329.98
411,Customer_411,customer411@example.com,123-456-7891,2021-02-14,48,348.11
412,Customer_412,customer412@example.com,123-456-7892,2021-02-15,26,9954.22
413,Customer_413,customer413@example.com,123-456-7893,2021-02-16,4,8871.16
414,Customer_414,customer414@example.com,123-456-7894,2021-02-17,38,1028.04
415,Customer_415,customer415@example.com,123-456-7895,2021-02-18,31,6026.56
416,Customer_416,customer416@example.com,123-456-7896,2021-02-19,33,9257.7
417,Customer_417,customer417@example.com,123-456-7897,2021-02-20,23,8257.37
418,Customer_418,customer418@example.com,123-456-7898,2021-02-21,47,7048.75
419,Customer_419,customer419@example.com,123-456-7899,2021-02-22,35,3402.81
420,Customer_420,customer420@example.com,123-456-7890,2021-02-23,18,1798.38
421,Customer_421,customer421@example.com,123-456-7891,2021-02-24,3,6600.58
422,Customer_422,customer422@example.com,123-456-7892,2021-02-25,21,5360.34
423,Customer_423,customer423@example.com,123-456-7893,2021-02-26,38,2972.29
424,Customer_424,customer424@example.com,123-456-7894,2021-02-27,41,7296.95
425,Customer_425,customer425@example.com,123-456-7895,2021-02-28,23,4956.76
426,Customer_426,customer426@example.com,123-456-7896,2021-03-01,19,6622.36
427,Customer_427,customer427@example.com,123-456-7897,2021-03-02,10,8362.19
428,Customer_428,customer428@example.com,123-456-7898,2021-03-03,1,1458.96
429,Customer_429,customer429@example.com,123-456-7899,2021-03-04,28,1523.26
430,Customer_430,customer430@example.com,123-456-7890,2021-03-05,43,1401.64
431,Customer_431,customer431@example.com,123-456-7891,2021-03-06,23,5243.37
432,Customer_432,customer432@example.com,123-456-7892,2021-03-07,8,9907.11
433,Customer_433,customer433@example.com,123-456-7893,2021-03-08,3,3276.32
434,Customer_434,customer434@example.com,123-456-7894,2021-03-09,23,8961.16
435,Customer_435,customer435@example.com,123-456-7895,2021-03-10,13,8024.47
436,Customer_436,customer436@example.com,123-456-7896,2021-03-11,2,3308.67
437,Customer_437,customer437@example.com,123-456-7897,2021-03-12,2,3777.59
438,Customer_438,customer438@example.com,123-456-7898,2021-03-13,40,9659.52
439,Customer_439,customer439@example.com,123-456-7899,2021-03-14,37,8720.17
440,Customer_440,customer440@example.com,123-456-7890,2021-03-15,20,1770.1
441,Customer_441,customer441@example.com,123-456-7891,2021-03-16,29,3375.52
442,Customer_442,customer442@example.com,123-456-7892,2021-03-17,21,6005.23
443,Customer_443,customer443@example.com,123-456-7893,2021-03-18,9,4444.12
444,Customer_444,customer444@example.com,123-456-7894,2021-03-19,36,3031.83
445,Customer_445,customer445@example.com,123-456-7895,2021-03-20,40,1604.99
446,Customer_446,customer446@example.com,123-456-7896,2021-03-21,48,1633.55
447,Customer_447,customer447@example.com,123-456-7897,2021-03-22,42,5666.09
448,Customer_448,customer448@example.com,123-456-7898,2021-03-23,19,8628.33
449,Customer_449,customer449@example.com,123-456-7899,2021-03-24,34,7596.54
450,Customer_450,customer450@example.com,123-456-7890,2021-03-25,11,7853.12
451,Customer_451,customer451@example.com,123-456-7891,2021-03-26,20,9636.15
452,Customer_452,customer452@example.com,123-456-7892,2021-03-27,25,4179.48
453,Customer_453,customer453@example.com,123-456-7893,2021-03-28,17,7445.37
454,Customer_454,customer454@example.com,123-456-7894,2021-03-29,11,8906.56
455,Customer_455,customer455@example.com,123-456-7895,2021-03-30,29,9571.78
456,Customer_456,customer456@example.com,123-456-7896,2021-03-31,37,9639.79
457,Customer_457,customer457@example.com,123-456-7897,2021-04-01,22,5567.77
458,Customer_458,customer458@example.com,123-456-7898,2021-04-02,2,206.64
459,Customer_459,customer459@example.com,123-456-7899,2021-04-03,14,2784.61
460,Customer_460,customer460@example.com,123-456-7890,2021-04-04,31,6140.7
461,Customer_461,customer461@example.com,123-456-7891,2021-04-05,21,4774.98
462,Customer_462,customer462@example.com,123-456-7892,2021-04-06,12,7216.7
463,Customer_463,customer463@example.com,123-456-7893,2021-04-07,29,5968.35
464,Customer_464,customer464@example.com,123-456-7894,2021-04-08,37,5904.82
465,Customer_465,customer465@example.com,123-456-7895,2021-04-09,12,565.64
466,Customer_466,customer466@example.com,123-456-7896,2021-04-10,37,3439.05
467,Customer_467,customer467@example.com,123-456-7897,2021-04-11,33,3553.79
468,Customer_468,customer468@example.com,123-456-7898,2021-04-12,21,8903.53
469,Customer_469,customer469@example.com,123-456-7899,2021-04-13,17,7208.18
470,Customer_470,customer470@example.com,123-456-7890,2021-04-14,34,3661.32
471,Customer_471,customer471@example.com,123-456-7891,2021-04-15,4,5322.31
472,Customer_472,customer472@example.com,123-456-7892,2021-04-16,41,9551.05
473,Customer_473,customer473@example.com,123-456-7893,2021-04-17,29,3408.35
474,Customer_474,customer474@example.com,123-456-7894,2021-04-18,42,6175.98
475,Customer_475,customer475@example.com,123-456-7895,2021-04-19,33,4858.82
476,Customer_476,customer476@example.com,123-456-7896,2021-04-20,3,7151.29
477,Customer_477,customer477@example.com,123-456-7897,2021-04-21,45,9875.68
478,Customer_478,customer478@example.com,123-456-7898,2021-04-22,14,221.33
479,Customer_479,customer479@example.com,123-456-7899,2021-04-23,31,8257.83
480,Customer_480,customer480@example.com,123-456-7890,2021-04-24,37,4876.77
481,Customer_481,customer481@example.com,123-456-7891,2021-04-25,14,9175.61
482,Customer_482,customer482@example.com,123-456-7892,2021-04-26,36,5881.94
483,Customer_483,customer483@example.com,123-456-7893,2021-04-27,36,1145.55
484,Customer_484,customer484@example.com,123-456-7894,2021-04-28,29,9639.74
485,Customer_485,customer485@example.com,123-456-7895,2021-04-29,39,4523.17
486,Customer_486,customer486@example.com,123-456-7896,2021-04-30,39,2290.19
487,Customer_487,customer487@example.com,123-456-7897,2021-05-01,12,4778.88
488,Customer_488,customer488@example.com,123-456-7898,2021-05-02,43,8453.9
489,Customer_489,customer489@example.com,123-456-7899,2021-05-03,41,4972.18
490,Customer_490,customer490@example.com,123-456-7890,2021-05-04,22,3659.67
491,Customer_491,customer491@example.com,123-456-7891,2021-05-05,16,841.53
492,Customer_492,customer492@example.com,123-456-7892,2021-05-06,40,5824.0
493,Customer_493,customer493@example.com,123-456-7893,2021-05-07,33,4899.82
494,Customer_494,customer494@example.com,123-456-7894,2021-05-08,3,2834.74
495,Customer_495,customer495@example.com,123-456-7895,2021-05-09,35,7916.9
496,Customer_496,customer496@example.com,123-456-7896,2021-05-10,48,8659.34
497,Customer_497,customer497@example.com,123-456-7897,2021-05-11,40,9103.4
498,Customer_498,customer498@example.com,123-456-7898,2021-05-12,28,2093.66
499,Customer_499,customer499@example.com,123-456-7899,2021-05-13,23,9430.41
500,Customer_500,customer500@example.com,123-456-7890,2021-05-14,38,4009.86
501,Customer_501,customer501@example.com,123-456-7891,2021-05-15,31,4704.69
502,Customer_502,customer502@example.com,123-456-7892,2021-05-16,25,7147.16
503,Customer_503,customer503@example.com,123-456-7893,2021-05-17,42,7326.12
504,Customer_504,customer504@example.com,123-456-7894,2021-05-18,37,5203.6
505,Customer_505,customer505@example.com,123-456-7895,2021-05-19,19,902.28
506,Customer_506,customer506@example.com,123-456-7896,2021-05-20,1,4601.51
507,Customer_507,customer507@example.com,123-456-7897,2021-05-21,2,6158.62
508,Customer_508,customer508@example.com,123-456-7898,2021-05-22,35,3986.01
509,Customer_509,customer509@example.com,123-456-7899,2021-05-23,43,7801.06
510,Customer_510,customer510@example.com,123-456-7890,2021-05-24,44,3041.77
511,Customer_511,customer511@example.com,123-456-7891,2021-05-25,34,3923.23
512,Customer_512,customer512@example.com,123-456-7892,2021-05-26,33,111.14
513,Customer_513,customer513@example.com,123-456-7893,2021-05-27,2,1738.83
514,Customer_514,customer514@example.com,123-456-7894,2021-05-28,45,9909.05
515,Customer_515,customer515@example.com,123-456-7895,2021-05-29,5,1762.56
516,Customer_516,customer516@example.com,123-456-7896,2021-05-30,25,9581.94
517,Customer_517,customer517@example.com,123-456-7897,2021-05-31,42,6771.0
518,Customer_518,customer518@example.com,123-456-7898,2021-06-01,20,8743.78
519,Customer_519,customer519@example.com,123-456-7899,2021-06-02,43,2203.7
520,Customer_520,customer520@example.com,123-456-7890,2021-06-03,17,4758.91
521,Customer_521,customer521@example.com,123-456-7891,2021-06-04,32,4667.24
522,Customer_522,customer522@example.com,123-456-7892,2021-06-05,30,6633.27
523,Customer_523,customer523@example.com,123-456-7893,2021-06-06,4,1783.76
524,Customer_524,customer524@example.com,123-456-7894,2021-06-07,20,451.66
525,Customer_525,customer525@example.com,123-456-7895,2021-06-08,27,3582.92
526,Customer_526,customer526@example.com,123-456-7896,2021-06-09,37,7997.01
527,Customer_527,customer527@example.com,123-456-7897,2021-06-10,34,6181.43
528,Customer_528,customer528@example.com,123-456-7898,2021-06-11,10,2572.43
529,Customer_529,customer529@example.com,123-456-7899,2021-06-12,26,4222.29
530,Customer_530,customer530@example.com,123-456-7890,2021-06-13,1,3821.58
531,Customer_531,customer531@example.com,123-456-7891,2021-06-14,48,6647.82
532,Customer_532,customer532@example.com,123-456-7892,2021-06-15,49,4058.51
533,Customer_533,customer533@example.com,123-456-7893,2021-06-16,28,1360.59
534,Customer_534,customer534@example.com,123-456-7894,2021-06-17,22,7013.18
535,Customer_535,customer535@example.com,123-456-7895,2021-06-18,41,3933.84
536,Customer_536,customer536@example.com,123-456-7896,2021-06-19,31,9541.07
537,Customer_537,customer537@example.com,123-456-7897,2021-06-20,47,1642.28
538,Customer_538,customer538@example.com,123-456-7898,2021-06-21,12,8629.99
539,Customer_539,customer539@example.com,123-456-7899,2021-06-22,27,5821.32
540,Customer_540,customer540@example.com,123-456-7890,2021-06-23,38,8083.66
541,Customer_541,customer541@example.com,123-456-7891,2021-06-24,30,7107.97
542,Customer_542,customer542@example.com,123-456-7892,2021-06-25,9,5611.02
543,Customer_543,customer543@example.com,123-456-7893,2021-06-26,48,9903.34
544,Customer_544,customer544@example.com,123-456-7894,2021-06-27,16,157.86
545,Customer_545,customer545@example.com,123-456-7895,2021-06-28,25,7781.8
546,Customer_546,customer546@example.com,123-456-7896,2021-06-29,13,5334.77
547,Customer_547,customer547@example.com,123-456-7897,2021-06-30,5,9719.57
548,Customer_548,customer548@example.com,123-456-7898,2021-07-01,26,2111.45
549,Customer_549,customer549@example.com,123-456-7899,2021-07-02,48,3653.6
550,Customer_550,customer550@example.com,123-456-7890,2021-07-03,6,7605.24
551,Customer_551,customer551@example.com,123-456-7891,2021-07-04,27,6380.69
552,Customer_552,customer552@example.com,123-456-7892,2021-07-05,4,8324.65
553,Customer_553,customer553@example.com,123-456-7893,2021-07-06,39,2155.75
554,Customer_554,customer554@example.com,123-456-7894,2021-07-07,11,3936.68
555,Customer_555,customer555@example.com,123-456-7895,2021-07-08,37,5242.46
556,Customer_556,customer556@example.com,123-456-7896,2021-07-09,40,2345.01
557,Customer_557,customer557@example.com,123-456-7897,2021-07-10,1,8094.52
558,Customer_558,customer558@example.com,123-456-7898,2021-07-11,3,8363.25
559,Customer_559,customer559@example.com,123-456-7899,2021-07-12,16,5101.21
560,Customer_560,customer560@example.com,123-456-7890,2021-07-13,47,5180.5
561,Customer_561,customer561@example.com,123-456-7891,2021-07-14,22,3486.98
562,Customer_562,customer562@example.com,123-456-7892,2021-07-15,29,7516.96
563,Customer_563,customer563@example.com,123-456-7893,2021-07-16,9,1223.31
564,Customer_564,customer564@example.com,123-456-7894,2021-07-17,26,5589.43
565,Customer_565,customer565@example.com,123-456-7895,2021-07-18,36,5555.39
566,Customer_566,customer566@example.com,123-456-7896,2021-07-19,44,4310.77
567,Customer_567,customer567@example.com,123-456-7897,2021-07-20,38,4244.82
568,Customer_568,customer568@example.com,123-456-7898,2021-07-21,1,8672.4
569,Customer_569,customer569@example.com,123-456-7899,2021-07-22,18,7367.51
570,Customer_570,customer570@example.com,123-456-7890,2021-07-23,35,5648.81
571,Customer_571,customer571@example.com,123-456-7891,2021-07-24,9,2393.68
572,Customer_572,customer572@example.com,123-456-7892,2021-07-25,15,3783.29
573,Customer_573,customer573@example.com,123-456-7893,2021-07-26,6,3481.89
574,Customer_574,customer574@example.com,123-456-7894,2021-07-27,47,5810.7
575,Customer_575,customer575@example.com,123-456-7895,2021-07-28,26,6014.95
576,Customer_576,customer576@example.com,123-456-7896,2021-07-29,28,6114.13
577,Customer_577,customer577@example.com,123-456-7897,2021-07-30,42,1189.75
578,Customer_578,customer578@example.com,123-456-7898,2021-07-31,12,2442.32
579,Customer_579,customer579@example.com,123-456-7899,2021-08-01,10,4209.63
580,Customer_580,customer580@example.com,123-456-7890,2021-08-02,19,3342.01
581,Customer_581,customer581@example.com,123-456-7891,2021-08-03,18,1642.81
582,Customer_582,customer582@example.com,123-456-7892,2021-08-04,49,3963.31
583,Customer_583,customer583@example.com,123-456-7893,2021-08-05,17,6912.85
584,Customer_584,customer584@example.com,123-456-7894,2021-08-06,27,2290.78
585,Customer_585,customer585@example.com,123-456-7895,2021-08-07,36,2286.59
586,Customer_586,customer586@example.com,123-456-7896,2021-08-08,1,1851.34
587,Customer_587,customer587@example.com,123-456-7897,2021-08-09,26,2196.66
588,Customer_588,customer588@example.com,123-456-7898,2021-08-10,13,4109.28
589,Customer_589,customer589@example.com,123-456-7899,2021-08-11,4,898.86
590,Customer_590,customer590@example.com,123-456-7890,2021-08-12,44,2458.5
591,Customer_591,customer591@example.com,123-456-7891,2021-08-13,9,210.07
592,Customer_592,customer592@example.com,123-456-7892,2021-08-14,23,6988.09
593,Customer_593,customer593@example.com,123-456-7893,2021-08-15,18,8138.24
594,Customer_594,customer594@example.com,123-456-7894,2021-08-16,4,3922.81
595,Customer_595,customer595@example.com,123-456-7895,2021-08-17,23,7531.58
596,Customer_596,customer596@example.com,123-456-7896,2021-08-18,2,4126.3
597,Customer_597,customer597@example.com,123-456-7897,2021-08-19,43,1879.66
598,Customer_598,customer598@example.com,123-456-7898,2021-08-20,38,4582.22
599,Customer_599,customer599@example.com,123-456-7899,2021-08-21,20,6520.9
600,Customer_600,customer600@example.com,123-456-7890,2021-08-22,18,8790.82
601,Customer_601,customer601@example.com,123-456-7891,2021-08-23,20,1624.94
602,Customer_602,customer602@example.com,123-456-7892,2021-08-24,8,2837.63
603,Customer_603,customer603@example.com,123-456-7893,2021-08-25,21,8818.03
604,Customer_604,customer604@example.com,123-456-7894,2021-08-26,26,4339.1
605,Customer_605,customer605@example.com,123-456-7895,2021-08-27,6,8474.25
606,Customer_606,customer606@example.com,123-456-7896,2021-08-28,16,5559.1
607,Customer_607,customer607@example.com,123-456-7897,2021-08-29,29,2754.24
608,Customer_608,customer608@example.com,123-456-7898,2021-08-30,12,5873.44
609,Customer_609,customer609@example.com,123-456-7899,2021-08-31,10,7944.78
610,Customer_610,customer610@example.com,123-456-7890,2021-09-01,46,9074.18
611,Customer_611,customer611@example.com,123-456-7891,2021-09-02,27,9352.94
612,Customer_612,customer612@example.com,123-456-7892,2021-09-03,31,6030.14
613,Customer_613,customer613@example.com,123-456-7893,2021-09-04,13,8169.0
614,Customer_614,customer614@example.com,123-456-7894,2021-09-05,15,1118.47
615,Customer_615,customer615@example.com,123-456-7895,2021-09-06,41,209.14
616,Customer_616,customer616@example.com,123-456-7896,2021-09-07,6,4106.36
617,Customer_617,customer617@example.com,123-456-7897,2021-09-08,5,1318.74
618,Customer_618,customer618@example.com,123-456-7898,2021-09-09,20,4568.55
619,Customer_619,customer619@example.com,123-456-7899,2021-09-10,12,4990.16
620,Customer_620,customer620@example.com,123-456-7890,2021-09-11,36,7426.81
621,Customer_621,customer621@example.com,123-456-7891,2021-09-12,29,8605.27
622,Customer_622,customer622@example.com,123-456-7892,2021-09-13,2,2373.08
623,Customer_623,customer623@example.com,123-456-7893,2021-09-14,11,9710.58
624,Customer_624,customer624@example.com,123-456-7894,2021-09-15,3,7469.94
625,Customer_625,customer625@example.com,123-456-7895,2021-09-16,12,722.7
626,Customer_626,customer626@example.com,123-456-7896,2021-09-17,4,9710.74
627,Customer_627,customer627@example.com,123-456-7897,2021-09-18,34,7432.31
628,Customer_628,customer628@example.com,123-456-7898,2021-09-19,31,3110.8
629,Customer_629,customer629@example.com,123-456-7899,2021-09-20,29,1037.03
630,Customer_630,customer630@example.com,123-456-7890,2021-09-21,16,2796.51
631,Customer_631,customer631@example.com,123-456-7891,2021-09-22,36,5101.21
632,Customer_632,customer632@example.com,123-456-7892,2021-09-23,31,7854.43
633,Customer_633,customer633@example.com,123-456-7893,2021-09-24,3,6109.22
634,Customer_634,customer634@example.com,123-456-7894,2021-09-25,21,1169.16
635,Customer_635,customer635@example.com,123-456-7895,2021-09-26,2,1161.7
636,Customer_636,customer636@example.com,123-456-7896,2021-09-27,24,1315.93
637,Customer_637,customer637@example.com,123-456-7897,2021-09-28,5,7094.24
638,Customer_638,customer638@example.com,123-456-7898,2021-09-29,43,3486.24
639,Customer_639,customer639@example.com,123-456-7899,2021-09-30,16,4314.26
640,Customer_640,customer640@example.com,123-456-7890,2021-10-01,44,8352.37
641,Customer_641,customer641@example.com,123-456-7891,2021-10-02,33,655.95
642,Customer_642,customer642@example.com,123-456-7892,2021-10-03,14,2818.72
643,Customer_643,customer643@example.com,123-456-7893,2021-10-04,31,227.51
644,Customer_644,customer644@example.com,123-456-7894,2021-10-05,31,8960.02
645,Customer_645,customer645@example.com,123-456-7895,2021-10-06,34,9311.17
646,Customer_646,customer646@example.com,123-456-7896,2021-10-07,20,6408.81
647,Customer_647,customer647@example.com,123-456-7897,2021-10-08,33,5570.92
648,Customer_648,customer648@example.com,123-456-7898,2021-10-09,1,1241.07
649,Customer_649,customer649@example.com,123-456-7899,2021-10-10,14,2536.41
650,Customer_650,customer650@example.com,123-456-7890,2021-10-11,48,4150.3
651,Customer_651,customer651@example.com,123-456-7891,2021-10-12,9,211.18
652,Customer_652,customer652@example.com,123-456-7892,2021-10-13,42,8265.17
653,Customer_653,customer653@example.com,123-456-7893,2021-10-14,14,4404.44
654,Customer_654,customer654@example.com,123-456-7894,2021-10-15,45,271.47
655,Customer_655,customer655@example.com,123-456-7895,2021-10-16,12,3909.89
656,Customer_656,customer656@example.com,123-456-7896,2021-10-17,33,7731.58
657,Customer_657,customer657@example.com,123-456-7897,2021-10-18,18,363.67
658,Customer_658,customer658@example.com,123-456-7898,2021-10-19,27,6753.34
659,Customer_659,customer659@example.com,123-456-7899,2021-10-20,4,1466.0
660,Customer_660,customer660@example.com,123-456-7890,2021-10-21,13,8609.71
661,Customer_661,customer661@example.com,123-456-7891,2021-10-22,44,6450.16
662,Customer_662,customer662@example.com,123-456-7892,2021-10-23,3,4948.99
663,Customer_663,customer663@example.com,123-456-7893,2021-10-24,27,8336.31
664,Customer_664,customer664@example.com,123-456-7894,2021-10-25,40,3837.75
665,Customer_665,customer665@example.com,123-456-7895,2021-10-26,23,6739.39
666,Customer_666,customer666@example.com,123-456-7896,2021-10-27,42,8552.15
667,Customer_667,customer667@example.com,123-456-7897,2021-10-28,42,277.0
668,Customer_668,customer668@example.com,123-456-7898,2021-10-29,37,4640.08
669,Customer_669,customer669@example.com,123-456-7899,2021-10-30,44,2408.87
670,Customer_670,customer670@example.com,123-456-7890,2021-10-31,7,7592.83
671,Customer_671,customer671@example.com,123-456-7891,2021-11-01,29,379.65
672,Customer_672,customer672@example.com,123-456-7892,2021-11-02,39,1602.76
673,Customer_673,customer673@example.com,123-456-7893,2021-11-03,18,7715.34
674,Customer_674,customer674@example.com,123-456-7894,2021-11-04,16,4710.63
675,Customer_675,customer675@example.com,123-456-7895,2021-11-05,5,3505.11
676,Customer_676,customer676@example.com,123-456-7896,2021-11-06,20,1310.87
677,Customer_677,customer677@example.com,123-456-7897,2021-11-07,30,9295.69
678,Customer_678,customer678@example.com,123-456-7898,2021-11-08,5,5595.75
679,Customer_679,customer679@example.com,123-456-7899,2021-11-09,9,9271.84
680,Customer_680,customer680@example.com,123-456-7890,2021-11-10,14,6276.98
681,Customer_681,customer681@example.com,123-456-7891,2021-11-11,5,3963.98
682,Customer_682,customer682@example.com,123-456-7892,2021-11-12,48,4300.36
683,Customer_683,customer683@example.com,123-456-7893,2021-11-13,1,5582.08
684,Customer_684,customer684@example.com,123-456-7894,2021-11-14,15,538.48
685,Customer_685,customer685@example.com,123-456-7895,2021-11-15,15,4088.35
686,Customer_686,customer686@example.com,123-456-7896,2021-11-16,41,9158.66
687,Customer_687,customer687@example.com,123-456-7897,2021-11-17,17,8718.91
688,Customer_688,customer688@example.com,123-456-7898,2021-11-18,37,4010.65
689,Customer_689,customer689@example.com,123-456-7899,2021-11-19,41,2379.15
690,Customer_690,customer690@example.com,123-456-7890,2021-11-20,35,4409.25
691,Customer_691,customer691@example.com,123-456-7891,2021-11-21,6,9599.49
692,Customer_692,customer692@example.com,123-456-7892,2021-11-22,36,2997.67
693,Customer_693,customer693@example.com,123-456-7893,2021-11-23,42,3317.85
694,Customer_694,customer694@example.com,123-456-7894,2021-11-24,2,6750.4
695,Customer_695,customer695@example.com,123-456-7895,2021-11-25,5,679.34
696,Customer_696,customer696@example.com,123-456-7896,2021-11-26,37,5059.7
697,Customer_697,customer697@example.com,123-456-7897,2021-11-27,10,9326.29
698,Customer_698,customer698@example.com,123-456-7898,2021-11-28,21,979.21
699,Customer_699,customer699@example.com,123-456-7899,2021-11-29,36,2070.42
700,Customer_700,customer700@example.com,123-456-7890,2021-11-30,33,5837.17
701,Customer_701,customer701@example.com,123-456-7891,2021-12-01,47,1149.87
702,Customer_702,customer702@example.com,123-456-7892,2021-12-02,40,5488.37
703,Customer_703,customer703@example.com,123-456-7893,2021-12-03,27,134.59
704,Customer_704,customer704@example.com,123-456-7894,2021-12-04,5,3490.59
705,Customer_705,customer705@example.com,123-456-7895,2021-12-05,29,6318.0
706,Customer_706,customer706@example.com,123-456-7896,2021-12-06,33,4750.04
707,Customer_707,customer707@example.com,123-456-7897,2021-12-07,36,3069.85
708,Customer_708,customer708@example.com,123-456-7898,2021-12-08,45,3883.72
709,Customer_709,customer709@example.com,123-456-7899,2021-12-09,35,6360.28
710,Customer_710,customer710@example.com,123-456-7890,2021-12-10,16,3481.9
711,Customer_711,customer711@example.com,123-456-7891,2021-12-11,5,3009.6
712,Customer_712,customer712@example.com,123-456-7892,2021-12-12,27,2845.29
713,Customer_713,customer713@example.com,123-456-7893,2021-12-13,29,1209.34
714,Customer_714,customer714@example.com,123-456-7894,2021-12-14,21,3875.29
715,Customer_715,customer715@example.com,123-456-7895,2021-12-15,20,3841.92
716,Customer_716,customer716@example.com,123-456-7896,2021-12-16,46,1152.34
717,Customer_717,customer717@example.com,123-456-7897,2021-12-17,32,9592.01
718,Customer_718,customer718@example.com,123-456-7898,2021-12-18,24,3196.22
719,Customer_719,customer719@example.com,123-456-7899,2021-12-19,18,1898.42
720,Customer_720,customer720@example.com,123-456-7890,2021-12-20,24,4930.43
721,Customer_721,customer721@example.com,123-456-7891,2021-12-21,23,6314.61
722,Customer_722,customer722@example.com,123-456-7892,2021-12-22,25,5627.5
723,Customer_723,customer723@example.com,123-456-7893,2021-12-23,11,3800.41
724,Customer_724,customer724@example.com,123-456-7894,2021-12-24,26,1109.63
725,Customer_725,customer725@example.com,123-456-7895,2021-12-25,28,6706.51
726,Customer_726,customer726@example.com,123-456-7896,2021-12-26,34,1735.69
727,Customer_727,customer727@example.com,123-456-7897,2021-12-27,22,1495.79
728,Customer_728,customer728@example.com,123-456-7898,2021-12-28,47,9072.84
729,Customer_729,customer729@example.com,123-456-7899,2021-12-29,17,5833.42
730,Customer_730,customer730@example.com,123-456-7890,2021-12-30,28,4214.59
731,Customer_731,customer731@example.com,123-456-7891,2021-12-31,35,6920.84
732,Customer_732,customer732@example.com,123-456-7892,2022-01-01,38,5336.57
733,Customer_733,customer733@example.com,123-456-7893,2022-01-02,39,2335.03
734,Customer_734,customer734@example.com,123-456-7894,2022-01-03,46,2722.52
735,Customer_735,customer735@example.com,123-456-7895,2022-01-04,10,5287.98
736,Customer_736,customer736@example.com,123-456-7896,2022-01-05,49,6867.59
737,Customer_737,customer737@example.com,123-456-7897,2022-01-06,4,759.18
738,Customer_738,customer738@example.com,123-456-7898,2022-01-07,33,2122.13
739,Customer_739,customer739@example.com,123-456-7899,2022-01-08,26,6569.07
740,Customer_740,customer740@example.com,123-456-7890,2022-01-09,39,2776.28
741,Customer_741,customer741@example.com,123-456-7891,2022-01-10,44,9761.78
742,Customer_742,customer742@example.com,123-456-7892,2022-01-11,4,8214.59
743,Customer_743,customer743@example.com,123-456-7893,2022-01-12,26,8866.2
744,Customer_744,customer744@example.com,123-456-7894,2022-01-13,22,9121.58
745,Customer_745,customer745@example.com,123-456-7895,2022-01-14,36,9266.38
746,Customer_746,customer746@example.com,123-456-7896,2022-01-15,40,3383.71
747,Customer_747,customer747@example.com,123-456-7897,2022-01-16,44,7146.44
748,Customer_748,customer748@example.com,123-456-7898,2022-01-17,14,8863.96
749,Customer_749,customer749@example.com,123-456-7899,2022-01-18,28,289.89
750,Customer_750,customer750@example.com,123-456-7890,2022-01-19,32,6142.47
751,Customer_751,customer751@example.com,123-456-7891,2022-01-20,2,6071.36
752,Customer_752,customer752@example.com,123-456-7892,2022-01-21,21,7824.26
753,Customer_753,customer753@example.com,123-456-7893,2022-01-22,16,4197.34
754,Customer_754,customer754@example.com,123-456-7894,2022-01-23,3,8487.53
755,Customer_755,customer755@example.com,123-456-7895,2022-01-24,13,822.28
756,Customer_756,customer756@example.com,123-456-7896,2022-01-25,2,9672.77
757,Customer_757,customer757@example.com,123-456-7897,2022-01-26,48,1238.8
758,Customer_758,customer758@example.com,123-456-7898,2022-01-27,21,5783.8
759,Customer_759,customer759@example.com,123-456-7899,2022-01-28,1,5392.61
760,Customer_760,customer760@example.com,123-456-7890,2022-01-29,35,378.32
761,Customer_761,customer761@example.com,123-456-7891,2022-01-30,37,4856.57
762,Customer_762,customer762@example.com,123-456-7892,2022-01-31,28,9221.25
763,Customer_763,customer763@example.com,123-456-7893,2022-02-01,16,3046.22
764,Customer_764,customer764@example.com,123-456-7894,2022-02-02,8,6190.59
765,Customer_765,customer765@example.com,123-456-7895,2022-02-03,24,1361.61
766,Customer_766,customer766@example.com,123-456-7896,2022-02-04,47,3242.5
767,Customer_767,customer767@example.com,123-456-7897,2022-02-05,34,7082.9
768,Customer_768,customer768@example.com,123-456-7898,2022-02-06,46,9842.07
769,Customer_769,customer769@example.com,123-456-7899,2022-02-07,39,1839.35
770,Customer_770,customer770@example.com,123-456-7890,2022-02-08,22,8956.93
771,Customer_771,customer771@example.com,123-456-7891,2022-02-09,37,7882.01
772,Customer_772,customer772@example.com,123-456-7892,2022-02-10,40,6552.28
773,Customer_773,customer773@example.com,123-456-7893,2022-02-11,17,1552.85
774,Customer_774,customer774@example.com,123-456-7894,2022-02-12,14,2226.65
775,Customer_775,customer775@example.com,123-456-7895,2022-02-13,13,8147.42
776,Customer_776,customer776@example.com,123-456-7896,2022-02-14,49,3626.99
777,Customer_777,customer777@example.com,123-456-7897,2022-02-15,39,9147.31
778,Customer_778,customer778@example.com,123-456-7898,2022-02-16,36,1979.78
779,Customer_779,customer779@example.com,123-456-7899,2022-02-17,7,5061.03
780,Customer_780,customer780@example.com,123-456-7890,2022-02-18,26,6872.86
781,Customer_781,customer781@example.com,123-456-7891,2022-02-19,45,4179.18
782,Customer_782,customer782@example.com,123-456-7892,2022-02-20,30,9193.04
783,Customer_783,customer783@example.com,123-456-7893,2022-02-21,39,7364.58
784,Customer_784,customer784@example.com,123-456-7894,2022-02-22,23,810.6
785,Customer_785,customer785@example.com,123-456-7895,2022-02-23,17,9245.61
786,Customer_786,customer786@example.com,123-456-7896,2022-02-24,8,4259.64
787,Customer_787,customer787@example.com,123-456-7897,2022-02-25,32,2866.43
788,Customer_788,customer788@example.com,123-456-7898,2022-02-26,32,9978.73
789,Customer_789,customer789@example.com,123-456-7899,2022-02-27,7,1077.55
790,Customer_790,customer790@example.com,123-456-7890,2022-02-28,7,3865.66
791,Customer_791,customer791@example.com,123-456-7891,2022-03-01,9,2179.92
792,Customer_792,customer792@example.com,123-456-7892,2022-03-02,31,9493.7
793,Customer_793,customer793@example.com,123-456-7893,2022-03-03,23,7206.56
794,Customer_794,customer794@example.com,123-456-7894,2022-03-04,44,1855.52
795,Customer_795,customer795@example.com,123-456-7895,2022-03-05,33,2642.87
796,Customer_796,customer796@example.com,123-456-7896,2022-03-06,27,8660.32
797,Customer_797,customer797@example.com,123-456-7897,2022-03-07,25,2162.25
798,Customer_798,customer798@example.com,123-456-7898,2022-03-08,49,6805.12
799,Customer_799,customer799@example.com,123-456-7899,2022-03-09,19,5984.77
800,Customer_800,customer800@example.com,123-456-7890,2022-03-10,47,7550.85
801,Customer_801,customer801@example.com,123-456-7891,2022-03-11,36,2396.65
802,Customer_802,customer802@example.com,123-456-7892,2022-03-12,34,8767.17
803,Customer_803,customer803@example.com,123-456-7893,2022-03-13,19,7201.73
804,Customer_804,customer804@example.com,123-456-7894,2022-03-14,8,6947.83
805,Customer_805,customer805@example.com,123-456-7895,2022-03-15,2,7920.3
806,Customer_806,customer806@example.com,123-456-7896,2022-03-16,30,6807.81
807,Customer_807,customer807@example.com,123-456-7897,2022-03-17,22,4599.97
808,Customer_808,customer808@example.com,123-456-7898,2022-03-18,19,5745.97
809,Customer_809,customer809@example.com,123-456-7899,2022-03-19,48,8914.76
810,Customer_810,customer810@example.com,123-456-7890,2022-03-20,18,7244.52
811,Customer_811,customer811@example.com,123-456-7891,2022-03-21,15,2201.6
812,Customer_812,customer812@example.com,123-456-7892,2022-03-22,3,4623.67
813,Customer_813,customer813@example.com,123-456-7893,2022-03-23,31,402.48
814,Customer_814,customer814@example.com,123-456-7894,2022-03-24,33,7948.52
815,Customer_815,customer815@example.com,123-456-7895,2022-03-25,20,2742.96
816,Customer_816,customer816@example.com,123-456-7896,2022-03-26,24,7840.8
817,Customer_817,customer817@example.com,123-456-7897,2022-03-27,3,2139.29
818,Customer_818,customer818@example.com,123-456-7898,2022-03-28,11,525.66
819,Customer_819,customer819@example.com,123-456-7899,2022-03-29,19,1997.14
820,Customer_820,customer820@example.com,123-456-7890,2022-03-30,15,3866.31
821,Customer_821,customer821@example.com,123-456-7891,2022-03-31,33,1399.35
822,Customer_822,customer822@example.com,123-456-7892,2022-04-01,3,3300.94
823,Customer_823,customer823@example.com,123-456-7893,2022-04-02,41,2008.41
824,Customer_824,customer824@example.com,123-456-7894,2022-04-03,11,957.0
825,Customer_825,customer825@example.com,123-456-7895,2022-04-04,7,8942.35
826,Customer_826,customer826@example.com,123-456-7896,2022-04-05,2,360.07
827,Customer_827,customer827@example.com,123-456-7897,2022-04-06,38,4221.4
828,Customer_828,customer828@example.com,123-456-7898,2022-04-07,2,3001.99
829,Customer_829,customer829@example.com,123-456-7899,2022-04-08,46,9992.2
830,Customer_830,customer830@example.com,123-456-7890,2022-04-09,6,5653.31
831,Customer_831,customer831@example.com,123-456-7891,2022-04-10,20,1698.88
832,Customer_832,customer832@example.com,123-456-7892,2022-04-11,27,6706.43
833,Customer_833,customer833@example.com,123-456-7893,2022-04-12,4,8789.69
834,Customer_834,customer834@example.com,123-456-7894,2022-04-13,17,9549.45
835,Customer_835,customer835@example.com,123-456-7895,2022-04-14,5,2518.93
836,Customer_836,customer836@example.com,123-456-7896,2022-04-15,24,8738.6
837,Customer_837,customer837@example.com,123-456-7897,2022-04-16,18,6197.5
838,Customer_838,customer838@example.com,123-456-7898,2022-04-17,5,8448.8
839,Customer_839,customer839@example.com,123-456-7899,2022-04-18,8,4766.27
840,Customer_840,customer840@example.com,123-456-7890,2022-04-19,7,3749.19
841,Customer_841,customer841@example.com,123-456-7891,2022-04-20,2,9610.96
842,Customer_842,customer842@example.com,123-456-7892,2022-04-21,32,5855.62
843,Customer_843,customer843@example.com,123-456-7893,2022-04-22,47,9149.28
844,Customer_844,customer844@example.com,123-456-7894,2022-04-23,11,6546.4
845,Customer_845,customer845@example.com,123-456-7895,2022-04-24,47,8435.79
846,Customer_846,customer846@example.com,123-456-7896,2022-04-25,44,5599.2
847,Customer_847,customer847@example.com,123-456-7897,2022-04-26,12,8869.41
848,Customer_848,customer848@example.com,123-456-7898,2022-04-27,6,1696.17
849,Customer_849,customer849@example.com,123-456-7899,2022-04-28,34,4411.26
850,Customer_850,customer850@example.com,123-456-7890,2022-04-29,42,8234.03
851,Customer_851,customer851@example.com,123-456-7891,2022-04-30,48,8273.64
852,Customer_852,customer852@example.com,123-456-7892,2022-05-01,45,7425.01
853,Customer_853,customer853@example.com,123-456-7893,2022-05-02,34,3909.52
854,Customer_854,customer854@example.com,123-456-7894,2022-05-03,7,5473.88
855,Customer_855,customer855@example.com,123-456-7895,2022-05-04,33,2214.51
856,Customer_856,customer856@example.com,123-456-7896,2022-05-05,40,1934.24
857,Customer_857,customer857@example.com,123-456-7897,2022-05-06,13,7892.39
858,Customer_858,customer858@example.com,123-456-7898,2022-05-07,19,8131.48
859,Customer_859,customer859@example.com,123-456-7899,2022-05-08,19,8939.22
860,Customer_860,customer860@example.com,123-456-7890,2022-05-09,18,7646.88
861,Customer_861,customer861@example.com,123-456-7891,2022-05-10,14,2512.13
862,Customer_862,customer862@example.com,123-456-7892,2022-05-11,46,7973.13
863,Customer_863,customer863@example.com,123-456-7893,2022-05-12,24,6098.84
864,Customer_864,customer864@example.com,123-456-7894,2022-05-13,42,5378.61
865,Customer_865,customer865@example.com,123-456-7895,2022-05-14,14,2014.43
866,Customer_866,customer866@example.com,123-456-7896,2022-05-15,39,458.6
867,Customer_867,customer867@example.com,123-456-7897,2022-05-16,19,8043.42
868,Customer_868,customer868@example.com,123-456-7898,2022-05-17,20,4521.49
869,Customer_869,customer869@example.com,123-456-7899,2022-05-18,35,8768.49
870,Customer_870,customer870@example.com,123-456-7890,2022-05-19,12,9742.26
871,Customer_871,customer871@example.com,123-456-7891,2022-05-20,31,4946.35
872,Customer_872,customer872@example.com,123-456-7892,2022-05-21,24,2790.77
873,Customer_873,customer873@example.com,123-456-7893,2022-05-22,2,5078.91
874,Customer_874,customer874@example.com,123-456-7894,2022-05-23,37,127.2
875,Customer_875,customer875@example.com,123-456-7895,2022-05-24,3,6179.35
876,Customer_876,customer876@example.com,123-456-7896,2022-05-25,16,1842.54
877,Customer_877,customer877@example.com,123-456-7897,2022-05-26,2,4307.83
878,Customer_878,customer878@example.com,123-456-7898,2022-05-27,39,7947.85
879,Customer_879,customer879@example.com,123-456-7899,2022-05-28,8,8177.67
880,Customer_880,customer880@example.com,123-456-7890,2022-05-29,25,2741.47
881,Customer_881,customer881@example.com,123-456-7891,2022-05-30,2,3304.67
882,Customer_882,customer882@example.com,123-456-7892,2022-05-31,18,4250.17
883,Customer_883,customer883@example.com,123-456-7893,2022-06-01,37,7742.27
884,Customer_884,customer884@example.com,123-456-7894,2022-06-02,38,7990.98
885,Customer_885,customer885@example.com,123-456-7895,2022-06-03,4,9364.71
886,Customer_886,customer886@example.com,123-456-7896,2022-06-04,15,4939.33
887,Customer_887,customer887@example.com,123-456-7897,2022-06-05,24,980.18
888,Customer_888,customer888@example.com,123-456-7898,2022-06-06,39,8729.7
889,Customer_889,customer889@example.com,123-456-7899,2022-06-07,10,7905.36
890,Customer_890,customer890@example.com,123-456-7890,2022-06-08,39,9187.55
891,Customer_891,customer891@example.com,123-456-7891,2022-06-09,42,7702.92
892,Customer_892,customer892@example.com,123-456-7892,2022-06-10,25,4888.63
893,Customer_893,customer893@example.com,123-456-7893,2022-06-11,32,7976.92
894,Customer_894,customer894@example.com,123-456-7894,2022-06-12,29,7781.7
895,Customer_895,customer895@example.com,123-456-7895,2022-06-13,48,5457.53
896,Customer_896,customer896@example.com,123-456-7896,2022-06-14,19,4059.26
897,Customer_897,customer897@example.com,123-456-7897,2022-06-15,12,9984.31
898,Customer_898,customer898@example.com,123-456-7898,2022-06-16,4,542.53
899,Customer_899,customer899@example.com,123-456-7899,2022-06-17,37,3714.98
900,Customer_900,customer900@example.com,123-456-7890,2022-06-18,4,8861.3
901,Customer_901,customer901@example.com,123-456-7891,2022-06-19,6,6666.25
902,Customer_902,customer902@example.com,123-456-7892,2022-06-20,39,5722.46
903,Customer_903,customer903@example.com,123-456-7893,2022-06-21,35,7833.2
904,Customer_904,customer904@example.com,123-456-7894,2022-06-22,37,2000.47
905,Customer_905,customer905@example.com,123-456-7895,2022-06-23,16,4391.01
906,Customer_906,customer906@example.com,123-456-7896,2022-06-24,24,6363.78
907,Customer_907,customer907@example.com,123-456-7897,2022-06-25,13,2227.49
908,Customer_908,customer908@example.com,123-456-7898,2022-06-26,21,2488.4
909,Customer_909,customer909@example.com,123-456-7899,2022-06-27,1,5111.7
910,Customer_910,customer910@example.com,123-456-7890,2022-06-28,36,7423.68
911,Customer_911,customer911@example.com,123-456-7891,2022-06-29,37,3330.64
912,Customer_912,customer912@example.com,123-456-7892,2022-06-30,20,9702.13
913,Customer_913,customer913@example.com,123-456-7893,2022-07-01,33,2248.88
914,Customer_914,customer914@example.com,123-456-7894,2022-07-02,12,9566.1
915,Customer_915,customer915@example.com,123-456-7895,2022-07-03,31,4983.47
916,Customer_916,customer916@example.com,123-456-7896,2022-07-04,15,1874.16
917,Customer_917,customer917@example.com,123-456-7897,2022-07-05,11,3074.94
918,Customer_918,customer918@example.com,123-456-7898,2022-07-06,40,5170.72
919,Customer_919,customer919@example.com,123-456-7899,2022-07-07,7,1982.59
920,Customer_920,customer920@example.com,123-456-7890,2022-07-08,38,4231.47
921,Customer_921,customer921@example.com,123-456-7891,2022-07-09,37,8310.77
922,Customer_922,customer922@example.com,123-456-7892,2022-07-10,32,2066.08
923,Customer_923,customer923@example.com,123-456-7893,2022-07-11,24,2460.66
924,Customer_924,customer924@example.com,123-456-7894,2022-07-12,42,1077.04
925,Customer_925,customer925@example.com,123-456-7895,2022-07-13,1,9511.23
926,Customer_926,customer926@example.com,123-456-7896,2022-07-14,37,8903.08
927,Customer_927,customer927@example.com,123-456-7897,2022-07-15,6,9351.07
928,Customer_928,customer928@example.com,123-456-7898,2022-07-16,36,8643.26
929,Customer_929,customer929@example.com,123-456-7899,2022-07-17,35,2058.49
930,Customer_930,customer930@example.com,123-456-7890,2022-07-18,8,406.05
931,Customer_931,customer931@example.com,123-456-7891,2022-07-19,40,7238.08
932,Customer_932,customer932@example.com,123-456-7892,2022-07-20,10,8561.81
933,Customer_933,customer933@example.com,123-456-7893,2022-07-21,9,6630.32
934,Customer_934,customer934@example.com,123-456-7894,2022-07-22,25,2320.51
935,Customer_935,customer935@example.com,123-456-7895,2022-07-23,10,3037.17
936,Customer_936,customer936@example.com,123-456-7896,2022-07-24,23,4956.07
937,Customer_937,customer937@example.com,123-456-7897,2022-07-25,21,6640.81
938,Customer_938,customer938@example.com,123-456-7898,2022-07-26,27,3137.49
939,Customer_939,customer939@example.com,123-456-7899,2022-07-27,7,6326.97
940,Customer_940,customer940@example.com,123-456-7890,2022-07-28,32,1144.25
941,Customer_941,customer941@example.com,123-456-7891,2022-07-29,48,5774.57
942,Customer_942,customer942@example.com,123-456-7892,2022-07-30,43,4536.28
943,Customer_943,customer943@example.com,123-456-7893,2022-07-31,16,9526.74
944,Customer_944,customer944@example.com,123-456-7894,2022-08-01,23,4899.15
945,Customer_945,customer945@example.com,123-456-7895,2022-08-02,8,1359.54
946,Customer_946,customer946@example.com,123-456-7896,2022-08-03,1,846.83
947,Customer_947,customer947@example.com,123-456-7897,2022-08-04,38,9825.17
948,Customer_948,customer948@example.com,123-456-7898,2022-08-05,15,5752.21
949,Customer_949,customer949@example.com,123-456-7899,2022-08-06,14,6974.42
950,Customer_950,customer950@example.com,123-456-7890,2022-08-07,43,484.68
951,Customer_951,customer951@example.com,123-456-7891,2022-08-08,33,9402.54
952,Customer_952,customer952@example.com,123-456-7892,2022-08-09,3,8972.74
953,Customer_953,customer953@example.com,123-456-7893,2022-08-10,31,1195.12
954,Customer_954,customer954@example.com,123-456-7894,2022-08-11,27,178.37
955,Customer_955,customer955@example.com,123-456-7895,2022-08-12,5,467.29
956,Customer_956,customer956@example.com,123-456-7896,2022-08-13,17,7573.67
957,Customer_957,customer957@example.com,123-456-7897,2022-08-14,27,1761.39
958,Customer_958,customer958@example.com,123-456-7898,2022-08-15,23,6143.32
959,Customer_959,customer959@example.com,123-456-7899,2022-08-16,14,8532.54
960,Customer_960,customer960@example.com,123-456-7890,2022-08-17,25,4092.05
961,Customer_961,customer961@example.com,123-456-7891,2022-08-18,37,1756.37
962,Customer_962,customer962@example.com,123-456-7892,2022-08-19,31,7139.56
963,Customer_963,customer963@example.com,123-456-7893,2022-08-20,6,117.82
964,Customer_964,customer964@example.com,123-456-7894,2022-08-21,48,3748.9
965,Customer_965,customer965@example.com,123-456-7895,2022-08-22,43,9025.74
966,Customer_966,customer966@example.com,123-456-7896,2022-08-23,35,7394.19
967,Customer_967,customer967@example.com,123-456-7897,2022-08-24,34,5131.71
968,Customer_968,customer968@example.com,123-456-7898,2022-08-25,24,2608.29
969,Customer_969,customer969@example.com,123-456-7899,2022-08-26,14,8272.55
970,Customer_970,customer970@example.com,123-456-7890,2022-08-27,27,6662.78
971,Customer_971,customer971@example.com,123-456-7891,2022-08-28,23,7865.71
972,Customer_972,customer972@example.com,123-456-7892,2022-08-29,49,7017.31
973,Customer_973,customer973@example.com,123-456-7893,2022-08-30,14,3262.79
974,Customer_974,customer974@example.com,123-456-7894,2022-08-31,23,2591.09
975,Customer_975,customer975@example.com,123-456-7895,2022-09-01,39,6310.54
976,Customer_976,customer976@example.com,123-456-7896,2022-09-02,14,3096.55
977,Customer_977,customer977@example.com,123-456-7897,2022-09-03,46,5754.81
978,Customer_978,customer978@example.com,123-456-7898,2022-09-04,16,647.2
979,Customer_979,customer979@example.com,123-456-7899,2022-09-05,26,5316.9
980,Customer_980,customer980@example.com,123-456-7890,2022-09-06,49,9674.68
981,Customer_981,customer981@example.com,123-456-7891,2022-09-07,37,6508.55
982,Customer_982,customer982@example.com,123-456-7892,2022-09-08,33,7761.6
983,Customer_983,customer983@example.com,123-456-7893,2022-09-09,38,7989.74
984,Customer_984,customer984@example.com,123-456-7894,2022-09-10,4,4080.2
985,Customer_985,customer985@example.com,123-456-7895,2022-09-11,19,3387.61
986,Customer_986,customer986@example.com,123-456-7896,2022-09-12,17,5828.14
987,Customer_987,customer987@example.com,123-456-7897,2022-09-13,49,9467.12
988,Customer_988,customer988@example.com,123-456-7898,2022-09-14,38,4703.33
989,Customer_989,customer989@example.com,123-456-7899,2022-09-15,32,7097.64
990,Customer_990,customer990@example.com,123-456-7890,2022-09-16,46,8414.95
991,Customer_991,customer991@example.com,123-456-7891,2022-09-17,44,1698.61
992,Customer_992,customer992@example.com,123-456-7892,2022-09-18,39,5491.41
993,Customer_993,customer993@example.com,123-456-7893,2022-09-19,6,5816.24
994,Customer_994,customer994@example.com,123-456-7894,2022-09-20,3,9104.7
995,Customer_995,customer995@example.com,123-456-7895,2022-09-21,46,2070.91
996,Customer_996,customer996@example.com,123-456-7896,2022-09-22,44,2257.83
997,Customer_997,customer997@example.com,123-456-7897,2022-09-23,28,9993.24
998,Customer_998,customer998@example.com,123-456-7898,2022-09-24,29,9290.57
999,Customer_999,customer999@example.com,123-456-7899,2022-09-25,45,1091.2
1000,Customer_1000,customer1000@example.com,123-456-7890,2022-09-26,30,3827.38
